tweet_id,keyword,text,created_at,user_id,username,name,followers,verified,likes,retweets,replies,hashtags,media_count,media_info,is_reply,is_retweet,sentiment_vader,sentiment_transformer,sentiment_text_length,sentiment_overall_sentiment,text_length,word_count,hashtag_count,sentiment_polarity,sentiment_intensity,is_toxic,hour,day_of_week,has_cancel,has_cancelled,has_backlash,has_controversy,has_boycott,has_outrage,has_petition
c06ps8j,petition,"because quicktime admittedly sucks even on OSX ? VLC makes a way better media player even if developed by enthusiasts.   iTunes is not better on osx. Simply put, it doesn't have competition, so people start to think that it's actually much better than, the alternative because they do not have a decent  alternative.",2008-12-08 16:03:22+00:00,87914d8113a29c22,semmi,0,False,3,0.0,0.0,0.0,,0.0,[],False,False,,,,,316,53,0,0.0,0.0,0,16.0,0.0,0,0,0,0,0,0,1
5he5,backlash,"This article blows. First, there's a grammatical error after the quote from the director. Then the author suggests that any film set during World War II (namely Nazi Germany) must be about the Holocaust in order to have a conflict that the audience can relate to.  Give the guy some credit for making an original film that has nothing to do with Scientology or Tom Cruise's ego. I am fucking sick of the backlash against this film, and I'm not even going to see it.",2008-12-28 10:46:09+00:00,941fa753bc37b35c,dwhee,0,False,1,0.0,0.0,0.0,,0.0,[],False,False,,,,,465,85,0,0.0,0.0,0,10.0,6.0,0,0,1,0,0,0,0
2015566436941328402,timeline,RT @itsKenBarbie: Walking into the winner’s circle like 🙂‍↕️ 🏈 https://t.co/lJqCKtqqtK,2026-01-25 23:24:20+00:00,866953267,,Cardi B,37093514,False,0.0,761.0,0.0,,1.0,"[{""type"": ""video"", ""url"": ""https://t.co/lJqCKtqqtK""}]",False,True,,,,,86,11,0,0.0,0.0,0,23.0,6.0,0,0,0,0,0,0,0
c06s5fa,outrage,"&gt;MADRID, Spain (AP) — The unrest that has gripped Greece is spilling over into the rest of Europe, raising concerns the clashes could be a trigger for opponents of globalization, disaffected youth and others outraged by the continent's economic turmoil and soaring unemployment. &gt; &gt;Protesters in Spain, Denmark and Italy smashed shop windows, pelted police with bottles and attacked banks this week, while in France, cars were set ablaze Thursday outside the Greek consulate in Bordeaux, where protesters scrawled graffiti warning about a looming ""insurrection.""  ""I am unhappy about globalization!  I'll smash a shop window, a particular type of business that hires entirely local labor!""",2008-12-12 05:57:21+00:00,544e54dcb1d3d2e9,generic_handle,0,False,4,0.0,0.0,0.0,,0.0,[],False,False,,,,,698,105,0,0.0,0.0,0,5.0,4.0,0,0,0,0,0,1,0
7lyd8,cancel,'World Orgasm Day' orgy for peace canceled due to threats ,2008-12-28 00:09:26+00:00,1fd73cd0a777a365,jaskaw,0,False,1,0.0,1.0,0.0,,0.0,[],False,False,,,,,58,10,0,0.0,0.0,0,0.0,6.0,1,0,0,0,0,0,0
2029732605256663383,#cancelled,@TaylorLewan77 @AlaskaAir Goodbye Alaskan Airlines #cancelled,2026-03-06 01:35:38+00:00,2012661123925831681,,DMVFootballGuy,484,False,4.0,0.0,2.0,cancelled,0.0,[],True,False,,,,,61,6,0,0.0,0.0,0,1.0,4.0,1,1,0,0,0,0,0
2025247109436334161,timeline,"Five shows back to back!! Listen, I’m being humble about it… don’t let me get on my cocky shi. Let’s just accept it!! It what it is https://t.co/QEKNOrn5pf",2026-02-21 16:31:52+00:00,866953267,,Cardi B,37093310,False,25946.0,2302.0,893.0,,1.0,"[{""type"": ""photo"", ""url"": ""https://t.co/QEKNOrn5pf""}]",False,False,"{'neg': 0.196, 'neu': 0.583, 'pos': 0.221, 'compound': -0.0516}",,144.0,negative,155,28,0,-0.0516,0.221,0,16.0,5.0,0,0,0,0,0,0,0
u4g,petition,No don't sign the petition.   Accept that everyone does not have to believe the same things in order for us to get along. Moreover the differences in our beliefs can make us stronger when we choose to work together rather than fight with one another.,2008-12-19 20:18:54+00:00,dba54c9bed7dce37,unrealious,0,False,7,0.0,0.0,0.0,,0.0,[],False,False,,,,,250,45,0,0.0,0.0,0,20.0,4.0,0,0,0,0,0,0,1
2030413566528966854,cancelled after,"@MichaelVaughan Immediately after a war starts, there is more uncertainty and flights get cancelled. After a few days, the uncertainty is less and flights could possibly be arranged. Not everything is a conspiracy. If you want equal treatment no matter what, we can delay English team to whine.",2026-03-07 22:41:32+00:00,888490916,,NamelessSomeone,78,False,1.0,0.0,0.0,,0.0,[],True,False,,,,,294,48,0,0.0,0.0,0,22.0,5.0,1,1,0,0,0,0,0
c06o9fu,outrage,"&gt; And you actually come here for ""high discourse?""   No, no, my mistake. You're right--this is the place for childish, stupid headlines and outrage about an editorial written four years ago. I see you got the memo before I did.",2008-12-05 19:40:19+00:00,7e31b5c4655ac57a,Garak,0,False,0,0.0,0.0,0.0,,0.0,[],False,False,,,,,230,40,0,0.0,0.0,0,19.0,4.0,0,0,0,0,0,1,0
c06mf57,petition,Is it going anywhere near Somalia? I think the _Sirius Star_ needs some competition.  [edit] they also misspelled Merlin.,2008-12-02 22:45:10+00:00,c8c052479f77a178,jbourne,0,False,-1,0.0,0.0,0.0,,0.0,[],False,False,,,,,121,19,0,0.0,0.0,0,22.0,1.0,0,0,0,0,0,0,1
2022508032610177225,timeline,"RT @TMobileArena: SOLD OUT 💋✨
Vegas understood the assignment!

@iamcardib | #LittleMissDramaTour https://t.co/o7vSzQQU1J",2026-02-14 03:07:46+00:00,866953267,,Cardi B,37093662,False,0.0,466.0,0.0,LittleMissDramaTour,1.0,"[{""type"": ""photo"", ""url"": ""https://t.co/o7vSzQQU1J""}]",False,True,,,,,121,13,0,0.0,0.0,0,3.0,5.0,0,0,0,0,0,0,0
65q4,petition,"Also, in a recent 4-way comparison by Car &amp; Driver, the Ford Fusion was their favorite (by a pretty decent margin) over its competition from Toyota, Nissan, and Chevy (in that descending order).",2008-12-29 20:09:19+00:00,b1d92352bcf84644,je255j,0,False,2,0.0,0.0,0.0,,0.0,[],False,False,,,,,198,33,0,0.0,0.0,0,20.0,0.0,0,0,0,0,0,0,1
c06uybb,petition,"Thanks for explaining the electoral process... with sarcasm to boot!  Wasting any more time in conversation with someone who is only interested in proving how clever they are, is a fruitless endeavor.  And if I really have to explain the connection between a web petition and how Obama got elected, then it seems to be the only proof needed as to WHY, you insist on seeming so smart.",2008-12-17 02:49:23+00:00,d8d5ede46d122f22,MrRipley15,0,False,1,0.0,0.0,0.0,,0.0,[],False,False,,,,,383,68,0,0.0,0.0,0,2.0,2.0,0,0,0,0,0,0,1
5a1k,cancel,"The 30 least hot follow-ups to the 30 hottest things you can say to a naked woman     1. """"Good morning **Cheryl. I mean, um, Sharon.**""""     2. """"Is it okay with you if I take this slow? **I haven't done this in, like, fifteen years.**""""     3. """"I can't stop touching you. **Stupid OCD.**""""     4. """"Want to join me in the shower? **Grouting's more fun with two!**""""     5. """"I want to kiss/lick/touch every inch of you. **Uh, I mean centimeter of you. I keep forgetting you are Canadian -- thank god.**""""     6. """"I love how you taste **your soup before adding salt to it. You know, that's the way Thomas Edison used to interview candidates. True fact. He'd take them out for lunch and if they seasoned their soup before trying it he wouldn't hire them, because that showed that they were impulsive and didn't -- holy shit, are you okay?! Jesus, you spilled it all over yourself! That's gotta hurt. What the fuck were you doing eating soup while naked in the first place?**""""     7. """"Do you feel ",2008-12-28 02:05:54+00:00,e38858b91609760d,Tarantio,0,False,68,0.0,0.0,0.0,,0.0,[],False,False,,,,,1000,177,0,0.0,0.0,0,2.0,6.0,0,0,0,0,0,0,0
c06r2a3,petition,"&gt; people who would otherwise be raping and pillaging across the plain, instead wear suits and provide employment and products.  Approximately 30,000 people per day die for a lack of basic needs. This in a world of plenty.  The raping and the pillaging is still taking place.  The alternatives are there and are indeed quite simple. We are just too enthralled with the old system of competition and market forces to see it at the moment. When we put peoples basic needs first then the foundations of a new civilization will begin to be laid. We will soon look back on the current system with abhorrence. Many are now looking at it this way already.  ",2008-12-10 15:08:28+00:00,82642292ea1bafbd,kernelkhertz,0,False,1,0.0,0.0,0.0,,0.0,[],False,False,,,,,652,115,0,0.0,0.0,0,15.0,2.0,0,0,0,0,0,0,1
c06vd0y,cancel,"I cancelled my account with Time Warner 5 years ago because I was getting TW landing pages on sites that my next door neighbor had no problems accessing on Clear Source.  A call to Warner led to nothing but insults from management, accusations of being a hacker and a pirate (I was also called a faggot).  They also sent DMCA notices to a guy I worked with for downloading Linux torrents and eventually suspended his account while they """"investigated"""" his claims that linux is legal.  I now use Grande and they also filter the pages I access, but them being the only game left in town, I just deal with it.  Maybe 1/8th of the links on Reddit go to Grande landing pages.",2008-12-17 19:11:19+00:00,e37b4460243ebc46,Araya213,0,False,1,0.0,0.0,0.0,,0.0,[],False,False,,,,,671,123,0,0.0,0.0,0,19.0,2.0,1,1,0,0,0,0,0
c06uqnf,boycott,"Would you say a boycott or protest of the Montgomery Bus System was somehow unwarranted or """"overboard?""""  The Montgomery Bus System lost money too.  Same deal.  No sympathy for Margie Christoffersen or El Coyote here.  When your principles are evil ones, it is reasonable for others to demand that you betray them.  What she did was wrong, she refuses to make up for it, and if she can't understand that and her business suffers because of it, that's her problem.",2008-12-16 22:07:08+00:00,c46658368069eaa5,BrianBoyko,0,False,11,0.0,0.0,0.0,,0.0,[],False,False,,,,,464,80,0,0.0,0.0,0,22.0,1.0,0,0,0,0,1,0,0
c06tp6t,petition,"I like not having ringworm, dysentery, and all manner of nasty physical ailments and goiters caused by iodine deficiencies, thank you very much.  Also, you're an idiot. If you honestly think people are going to behave like the actors on Star Trek, you need to get your head out of your ass. People always work to better themselves, and since people have divergent interests, that means we have competition. If you think people are going to cooperate for the good of all at the expense of their own livelihood, see how far the first collectivist American colonies went before they privatized production.",2008-12-15 04:14:28+00:00,80c5a7cb3656b5c6,drunkentune,0,False,-3,0.0,0.0,0.0,,0.0,[],False,False,,,,,602,102,0,0.0,0.0,0,4.0,0.0,0,0,0,0,0,0,1
2029341450832371789,boycott,"Tomorrow in Milan the @Paralympics will begin with the participation of Russian athletes, which will be a huge advertisement for the Russian imperialist war and because of it a large number of people will be killed and maimed. Will the country of Italy https://t.co/MKru3Mdo7N",2026-03-04 23:41:19+00:00,912304908371668992,,Dominik Hasek,57783,False,361.0,82.0,9.0,,0.0,[],False,False,,,,,276,44,0,0.0,0.0,0,23.0,2.0,0,0,0,0,0,0,0
2017751003408298070,#cancel,Crunch fitness is having a lot of cancellations right now #gymmembership #crunchfitness #cancel #foryou https://t.co/NNt4TQAkra,2026-02-01 00:05:01+00:00,424304323,,IvanGtv,4613,False,1.0,1.0,1.0,gymmembership crunchfitness cancel foryou,1.0,"[{""type"": ""video"", ""url"": ""https://t.co/NNt4TQAkra""}]",False,False,,,,,127,15,0,0.0,0.0,0,0.0,6.0,1,0,0,0,0,0,0
3m8y,boycott,I guess a lot of people started their boycott of Spade preemptively ,2008-12-24 10:45:26+00:00,0b6c60d8763f3169,nobodyrp,0,False,19,0.0,0.0,0.0,,0.0,[],False,False,,,,,68,12,0,0.0,0.0,0,10.0,2.0,0,0,0,0,1,0,0
c06ucux,outrage,"I think I see what you're getting at, and I don't disagree with your points, in and of themselves, but with their application.  Whatever gun laws New York has, I doubt there are laws that prohibit possession outright.  We don't know *if* this immigrant would have been unjustly mislabeled if he had defended himself with a firearm, as an earlier poster speculated. We can only reason that it is a likely possibility.  However, the one part of this situation that is clear is that the attackers are responsible for what appears to be an outrageous and unprovoked attack which, if true, I believe means that they deserve the wrath with which people had responded.  What's more, the identity of the victims, ultimately, doesn't matter. This crime would be just as horrible regardless of who they were. Two people were senselessly attacked and one of them was brutally murdered, and the fact that the attackers' motive was fueled by bigotry makes it even worse.  I don't think anything I have said indicates fantasies about a happy, inclusive world. I merely say that the focus is rightfully placed on those who committed the crime.",2008-12-16 05:34:42+00:00,c28c0bac4f858ee5,CaspianX2,0,False,2,0.0,0.0,0.0,,0.0,[],False,False,,,,,1128,192,0,0.0,0.0,0,5.0,1.0,0,0,0,0,0,1,0
6dnb,petition,"Most of the names on the petition are not scientists.  Many are complete fakes (fictional characters, duplicates etc.)  Of the real people, most are not scientists.  Of the scientists, most are not related to climate.  Of the climate scientists, most have said that they did not sign it, or would not sign it now (project started in 1999).  This petition is not serious.  [Wikipedia info](http://en.wikipedia.org/wiki/Oregon_Petition)",2008-12-30 02:28:50+00:00,7bb539a009c02f8a,rnichols,0,False,7,0.0,0.0,0.0,,0.0,[],False,False,,,,,434,65,0,0.0,0.0,0,2.0,1.0,0,0,0,0,0,0,1
c06pl0j,backlash,"True.  Also, I didn't think that bacon had really set in with the hipster set yet.  The whole thing *is* a backlash against hipsters telling us we can't enjoy it.  That said, they take all of the fun out of food, sex, drinking, and everything else in life.  They might as well fucking ruin bacon.  I think that the hipster thing for me to do now would be for me to cut myself or something.",2008-12-08 07:11:02+00:00,7a187909210b9bd5,NitsujTPU,0,False,-1,0.0,0.0,0.0,,0.0,[],False,False,,,,,389,75,0,0.0,0.0,0,7.0,0.0,0,0,1,0,0,0,0
2027726214224290239,timeline,RT @BardisMedia: Cardi brought out Kulture tonight at her SOLD OUT show in San Francisco.🥹#LittleMissDramaTour https://t.co/PDzj7jes3h,2026-02-28 12:42:57+00:00,866953267,,Cardi B,37093627,False,0.0,1649.0,0.0,LittleMissDramaTour,1.0,"[{""type"": ""video"", ""url"": ""https://t.co/PDzj7jes3h""}]",False,True,,,,,134,16,0,0.0,0.0,0,12.0,5.0,0,0,0,0,0,0,0
38vm,cancel,That is a really good film. Its shameful to see all the user-created joke videos from that excellent scene. I did laugh at the xbox live subscription canceling one though.,2008-12-23 23:17:17+00:00,9afe9b33a52ab6e7,shazzdeeds,0,False,1,0.0,0.0,0.0,,0.0,[],False,False,,,,,171,30,0,0.0,0.0,0,23.0,1.0,1,0,0,0,0,0,0
c06s1ky,petition,"The market in that game is really fishy.  I played for about a year doing mostly trading.  There was one thing I found that, I wasn't really sure if it was an exploit or not, but I thought to myself making ISK shouldn't be this easy.  I petitioned it at least three times (over a few months) with nothing done.  So I just sort of took advantage of it for a while.  Eventually I got bored and quit which is kind of a shame because the market system in that game is really interesting and would have a lot of potential if not for all the various corruptions.",2008-12-12 02:54:06+00:00,3a6cd18963b1e0df,jopejope,0,False,1,0.0,0.0,0.0,,0.0,[],False,False,,,,,556,108,0,0.0,0.0,0,2.0,4.0,0,0,0,0,0,0,1
c06txfh,outrage,"No, when it was a Seinfeld episode and it was middle class white people doing it, it was funny. When it's black people doing it, it's a moral outrage.",2008-12-15 12:50:51+00:00,2c8ef8f4c0171d72,maxmartin,0,False,-3,0.0,0.0,0.0,,0.0,[],False,False,,,,,150,29,0,0.0,0.0,0,12.0,0.0,0,0,0,0,0,1,0
c06recd,petition,Because Western women don't want the competition.,2008-12-11 03:21:24+00:00,6bdc83737265a8fd,BinaryShadow,0,False,1,0.0,0.0,0.0,,0.0,[],False,False,,,,,49,7,0,0.0,0.0,0,3.0,3.0,0,0,0,0,0,0,1
c06q8nf,outrage,The amount of crazy injuries that NBA players seem to suffer from is outrageous.  No one would miss a beat of Kobe took off a game because he cut his fingernails too short.,2008-12-09 07:36:18+00:00,4a8739eb033da1cf,plethorex,0,False,1,0.0,0.0,0.0,,0.0,[],False,False,,,,,172,33,0,0.0,0.0,0,7.0,1.0,0,0,0,0,0,1,0
7qua,cancel,"Yeah, all of those carcinogens from the smoke, like, cancel out the cancer, because it's already cancerous - like two magnets or something. Man.",2009-01-01 01:30:41+00:00,2909af6242c0b3b1,secretchimp,0,False,-4,0.0,0.0,0.0,,0.0,[],False,False,,,,,144,24,0,0.0,0.0,0,1.0,3.0,1,0,0,0,0,0,0
c06n7m8,outrage,"&gt; Well, do you think this indoctrination is intentional?  Does it need to be? Intentional or not, it damages people.  &gt; I would think that any country would teach their children that their country is good,  Most do. Should they? Maybe they should remain as neutral as possible on the subject. If they are a good nation, it will be readily apparent to most or all.  &gt; I think in America we often question the greatness of our country and the decisions our government makes  We do so less each year. Compare the outrage against Nixon with what we have in regards to Bush... it simply isn't there.  &gt; So even though a child says the pledge at school, after school when walking home, they might see protesters or talk with people who have problems with America.  The protesters herded into a barb-wire enclosed ""free speech zone"" 5 miles away from a visiting president? Or the terrorists shuttled off to Gitmo?  &gt; If indoctrination is an entire process, then this would definitely not be part of the process.  Exactly. Go see how many real-life protesters you can find on a sidewalk somewhere.  &gt; A country who prohibits anti-patriotic actions would be a better example of a country trying to indoctrinate its population.  Haha. Not coercing children to say the pledge isn't equivalent to prohibiting them from saying it.",2008-12-04 02:46:11+00:00,f2e1580ade02daa4,NoMoreNicksLeft,0,False,1,0.0,0.0,0.0,,0.0,[],False,False,,,,,1335,228,0,0.0,0.0,0,2.0,3.0,0,0,0,0,0,1,0
7gsqn,cancel,Obama May Cancel Space Shuttle Replacement ,2008-12-02 11:00:46+00:00,887607b2aecc2c22,mizan,0,False,0,0.0,1.0,0.0,,0.0,[],False,False,,,,,43,6,0,0.0,0.0,0,11.0,1.0,1,0,0,0,0,0,0
7ki25,cancelled,BBC Fined Over Unfair Phone-Ins  ,2008-12-19 13:10:09+00:00,58daeb1df336e907,neelakantha,0,False,1,0.0,0.0,0.0,,0.0,[],False,False,,,,,33,5,0,0.0,0.0,0,13.0,4.0,0,0,0,0,0,0,0
c06n0x2,boycott,"Us redditors should take these stories and petition large retailers like BestBuy to boycott Monster Cable.  That would be productive, and would hurt Monster enough.  Perhaps also bringing it to mass media attention, to give Monster a really bad name.",2008-12-03 21:35:43+00:00,1406bd1608ecb338,kermityfrog,0,False,21,0.0,0.0,0.0,,0.0,[],False,False,,,,,250,40,0,0.0,0.0,0,21.0,2.0,0,0,0,0,1,0,1
c06pmka,petition,"No, really, that's the problem with our broadband adoption in poor areas where it's already available.  Sure, we need to expand the coverage areas, but more importantly we need more competition to drive prices down in existing coverage areas.  ",2008-12-08 08:45:54+00:00,d80c52cf6f4a55d5,wolfzero,0,False,11,0.0,0.0,0.0,,0.0,[],False,False,,,,,244,39,0,0.0,0.0,0,8.0,0.0,0,0,0,0,0,0,1
3oah,petition,"&gt; I've heard some things about ""true free markets"" being impossible to actually create monopolies.  In theory I think that's probably true. But here in the real world, once a monopoly has the power to control a market (that's the primary characteristic of a monopoly) they're very often able to erect sufficient barriers to entry that competition just can't get a foothold.  A truly free market would be one where every individual has complete information about all possible alternatives, and is perfectly rational. The former is almost never true in the real world, and the latter is often violated as well.  But I digress.",2008-12-24 13:16:16+00:00,d27cd2518599cf76,ModernRonin,0,False,1,0.0,0.0,0.0,,0.0,[],False,False,,,,,627,104,0,0.0,0.0,0,13.0,2.0,0,0,0,0,0,0,1
c06pe9b,outrage,"Coca-Cola ads sell a product, soda, and are paid for by the coca cola company.  This wasn't selling anything.  It was promoting civil obedience, war and patriotism and was paid for with tax dollars.  I find a big difference in the two.  If you aren't outraged at the poorly done and blatant pro war propaganda piece, then you should at least be outraged at the millions of dollars wasted by the national guard to produce these clips at the tax payers expense.",2008-12-08 00:04:10+00:00,e45ae9f0fa910206,Chronicss,0,False,19,0.0,0.0,0.0,,0.0,[],False,False,,,,,459,82,0,0.0,0.0,0,0.0,0.0,0,0,0,0,0,1,0
2030421026572493162,outrage,@Gabbar0099 Ik many Iranians and they hate this man he has been killing women and children for months save me that outrage god bless the Iranian people rest in hell Khamenei,2026-03-07 23:11:10+00:00,1812284538287980544,,Brandon Pritts,20,False,0.0,0.0,0.0,,0.0,[],True,False,,,,,173,31,0,0.0,0.0,0,23.0,5.0,0,0,0,0,0,1,0
2026031691605668322,timeline,I’ma turn it up a notch.. stay tuned #LittleMissDramaTour https://t.co/DZxgkbjA3W,2026-02-23 20:29:31+00:00,866953267,,Cardi B,37093310,False,20459.0,1645.0,815.0,LittleMissDramaTour,1.0,"[{""type"": ""video"", ""url"": ""https://t.co/DZxgkbjA3W""}]",False,False,"{'neg': 0.042, 'neu': 0.94, 'pos': 0.018, 'compound': -0.3773}",,434.0,negative,81,10,0,-0.3773,0.042,0,20.0,0.0,0,0,0,0,0,0,0
7gtb,backlash,"Except I beleive that there will not be a major backlash, like there was at the end of prohibition.  I beleive that our technical advancement over time with more ways to transport, communicate, gather and socialize, getting pot is as easy as it could possibly get already (I realize that not all cities are this pot friendly).  I would argue that pot is (BY FAR) easier to get than alcohol, or tobacco already.  Seriously, one can buy pot here 24/7, where as alcohol and tobacco shops/sales have major restrictions.  The more I look at the issue, the sillier decriminalization looks to me.  There's no reason it isn't legal, in fact, for a plant so natural to be deemed illegal in the first place, should be illegal (yo dawg).  ",2008-12-31 14:25:05+00:00,c21fffb1b803b3e8,joeyslack,0,False,4,0.0,0.0,0.0,,0.0,[],False,False,,,,,728,128,0,0.0,0.0,0,14.0,2.0,0,0,1,0,0,0,0
2029370653959135247,timeline,RT @ToyotaCenter: OKURRR! ‍🔥 Bardi Gang took over and the Houston show is officially SOLD OUT! https://t.co/XJnEeffJUa,2026-03-05 01:37:22+00:00,866953267,,Cardi B,37093514,False,0.0,451.0,0.0,,1.0,"[{""type"": ""photo"", ""url"": ""https://t.co/XJnEeffJUa""}]",False,True,,,,,118,17,0,0.0,0.0,0,1.0,3.0,0,0,0,0,0,0,0
c06mxsd,cancel,"A lot of restaurants PR themselves as being permanently booked, to give the impression that they are the best thing ever. Few of them - apart from ones like the Ducasse place he talks about which have very limited numbers of tables - are ever actually booked up. They'll almost always have a cancellation. Generally the only reason they have people wait in the bar or lounge is because waiting normally involves a couple of cocktails and possibly some olives, adding money to the bill, and ensuring that the alcohol takes the edge off people's inhibitions, meaning that they'll hopefully spend bigger than they would have done otherwise.",2008-12-03 18:11:09+00:00,0af0f75d5f441cf8,tangled,0,False,16,0.0,0.0,0.0,,0.0,[],False,False,,,,,637,108,0,0.0,0.0,0,18.0,2.0,1,0,0,0,0,0,0
2030424757116580329,under fire for,"@GavinNewsom Speaking of building, I'm assuming by your arrogance that all of the houses lost in the Palisades fire have been rebuilt under your leadership. What? Only a few?

Sit down and be quiet. You're losing by 15% in polls to Kamala for Pete's sake.",2026-03-07 23:26:00+00:00,1386716334206160900,,Sandman MD,3072,False,1.0,0.0,0.0,,0.0,[],True,False,,,,,255,45,0,0.0,0.0,0,23.0,5.0,0,0,0,0,0,0,0
c06uict,backlash,"&gt;What someone holds is not always for the benefit of everyone, of course, as with everything. However, when a person tries to """"help"""" people based on their belief, which I do not mean killing, threatening, eternal hell, etc, it is for the better. Aid work in the name of God can never be bad. If someone thinks it is, something is wrong with them.      I agree.  More beneficial works would be good, and regardless of who does them or for what reason.      I just think that all the effort and money spent on causes like yes on Proposition 8 is actually harmful, not beneficial.  That time and money should have been used to solve problems and to alleviate suffering, rather than to deliberately cause suffering.      &gt;Religion can be a disability, but it can also be a support for many people. Having the belief that you are destined for something greater, in my opinion, is better than going no where at all.      It supports a lot of people, and that's a good thing.  Others think it preven",2008-12-16 10:56:40+00:00,2643fc83c511bd6f,ristin,0,False,1,0.0,0.0,0.0,,0.0,[],False,False,,,,,1000,176,0,0.0,0.0,0,10.0,1.0,0,0,0,0,0,0,0
2un1,petition,"Steam is one of the best examples of electronic distribution methods around. It was effective, fairly priced, fast, safe and allowed indie developers to play alongside the big named publishers. Not just for us in the UK, but for those countries that it is more difficult to get hold of a retail copy game. Steam was setup with the ethos being 'pro-gamer', with that in mind...  Recently it has fallen prey to ridiculous business practises, such as outdated DRM structures and this little conversion stunt now. We are coming to a point in time where entire business models and our economy as a whole is changing, all because of a little thing called the internet. But the big boys (the outdated corporation giants - such as the RIAA, EA, MSN etc.) swarm in, use there influence and power (through liscencing rights, publishing deals and monopoly like structure) to rough up the fairly large internet-based companies and reign them back into there old ways. Do you enjoy the competitive nature of business on the internet? Do you enjoy lower prices due to importing and huge competition? Do you ever dream of the possibility of your own startup company, knowing the internet is your best bet, due to simplicity, fair game and its open social/marketing possibilities? Well, these corporate giants are trying to change this. And there using the internet companies to do so. If you cant see a link between EA and Steam and the other big boys and then the huge hike in prices then you need to look closer. Not only this, the companies who are just overcharging there own customers because of simple GREED need to stop also. Everyone on the internet is fair game, neutral and equal. Businesses need to realise this and also be loyal to there customer base because although the internet can set you up for life, it can also turn against you and have a huge impact on sales (Spore for example?).  If people dont bother to react in someway to Valve's pricing discrimination, and show there hatred of these business practises, then next time it might be YOUR favorite online shop slipping into stale business practises and overly expensive fixed prices. ",2008-12-23 06:23:09+00:00,f9471a7120dcac69,disaster_area45,0,False,2,0.0,0.0,0.0,,0.0,[],False,False,,,,,2143,369,0,0.0,0.0,0,6.0,1.0,0,0,0,0,0,0,1
2030419443541483854,backlash,"@SwordTruth @curious10665 How can they possibly repair her reputation?
The lying about the education is a reason she shouldn’t be speaking at Hillside College in May. 
They blocked me on X but they announced it. 
They need backlash.",2026-03-07 23:04:53+00:00,1002483840907202560,,Ladonna Marie,1230,False,0.0,0.0,0.0,,0.0,[],True,False,,,,,232,38,0,0.0,0.0,0,23.0,5.0,0,0,1,0,0,0,0
c06q60k,cancel,I'm sure you could get Denny Crane from Boston Legal to defend you since they got cancelled. - Denny Crane!,2008-12-09 05:06:01+00:00,a45be9dabeedb280,MesaDixon,0,False,1,0.0,0.0,0.0,,0.0,[],False,False,,,,,107,20,0,0.0,0.0,0,5.0,1.0,1,1,0,0,0,0,0
5kiu,petition,"&gt; displacing interesting content simply to feed their own ego.   You mean like all your anti-vote-up-if spam in these comments? Every other comment is about that, could you please just elect a spokesperson or something or petition the reddit devs for your own complaints comments sub-section or something?",2008-12-28 16:15:44+00:00,b7185245d64181c4,Taladar,0,False,-2,0.0,0.0,0.0,,0.0,[],False,False,,,,,308,48,0,0.0,0.0,0,16.0,6.0,0,0,0,0,0,0,1
2022745960552837611,timeline,I see Kulture quoting this in 15 years,2026-02-14 18:53:12+00:00,866953267,,Cardi B,37093627,False,219558.0,13668.0,967.0,,0.0,[],False,False,,,,,38,8,0,0.0,0.0,0,18.0,5.0,0,0,0,0,0,0,0
7lfzb,boycott,"Strike, Boycott, Talks? How to get a fair SAG deal? Fred Vidal Interview for Vox.com and Voice-Mag ",2008-12-24 11:18:05+00:00,df6e33cd5be4459c,FredVidal,0,False,1,0.0,0.0,0.0,,0.0,[],False,False,,,,,99,17,0,0.0,0.0,0,11.0,2.0,0,0,0,0,1,0,0
2029946307780170152,under fire for,"#TheTrumpWar | Under Fire For War, Trump Seeks Religious Refuge

Watch #NationsSharpestOpinion now, on-air, and online. Tune in and fire in your comments: https://t.co/AmSvoO3QzH

#RepublicWorld #RepublicTV #BreakingNews #RepublicNews #IndiaNews #LiveNews #RepublicExclusive https://t.co/OiZBmm29W8",2026-03-06 15:44:49+00:00,811972460560019456,,Republic,2821958,False,5.0,1.0,0.0,TheTrumpWar NationsSharpestOpinion RepublicWorld RepublicTV BreakingNews RepublicNews IndiaNews LiveNews RepublicExclusive RepublicWorldLive ArnabGoswami RepublicDigital NationFirst,1.0,"[{""type"": ""video"", ""url"": ""https://t.co/OiZBmm29W8""}]",False,False,,,,,298,32,0,0.0,0.0,0,15.0,4.0,0,0,0,0,0,0,0
5u1h,outrage,"&gt; Looks like we need to sacrifice a bunch of virgins again.  We are a modern day rational and intelligent society, we don't do outrageous and illogical things based on superstition. We are not some ignorant savages. If we have a problem we pray to the magical sky genie named Jesus.",2008-12-29 04:44:19+00:00,81108d3d1779447b,twistedcain,0,False,65,0.0,0.0,0.0,,0.0,[],False,False,,,,,285,51,0,0.0,0.0,0,4.0,0.0,0,0,0,0,0,1,0
6iyk,petition,"Better Headline: No female Olympic ski-jump.  How does it make sense?  At one time it did, since there were many fewer women with the relevant skills.  The current setup is outdated, not sexist (no one's complaining about no male rhythmic gymnastics).  Female ski-jumping probably should be an Olympic sport, but suing under Canadian law is completely against the international spirit of the Olympics and these women are hardly alone as athletes in not having Olympic competition.  If Canada pushes for this suit to win, they should never get another Olympics.  I mean, after accepting Canadian law, we could never have the Olympics anywhere with Muslim decency laws; they would sue to make all female athletes cover all of their limbs etc.",2008-12-30 06:24:36+00:00,16a56a4c830912f1,DiarrheaMonkey,0,False,1,0.0,0.0,0.0,,0.0,[],False,False,,,,,740,121,0,0.0,0.0,0,6.0,1.0,0,0,0,0,0,0,1
2030159866845945923,controversy,"Chandigarh University’s Unnao campus is under investigation by AIU.

But this isn’t the first time the university has been at the center of controversy.

For an institution that has repeatedly appeared in national headlines, this new investigation is lowkey shady. 

Now the https://t.co/zuJG0TR68Q",2026-03-07 05:53:25+00:00,1110929231494569984,,Jawaharlal Nehru,52525,False,67.0,21.0,3.0,,1.0,"[{""type"": ""video"", ""url"": ""https://t.co/zuJG0TR68Q""}]",False,False,,,,,298,43,0,0.0,0.0,0,5.0,5.0,0,0,0,1,0,0,0
2030381306220073431,cancelled after,Dak Prescott SPLITS from fiancee just one month before their wedding after 'blowup argument' on joint bachelor and bachelorette party https://t.co/aFRtkgbZJ9,2026-03-07 20:33:20+00:00,380285402,,Daily Mail US,500122,False,6.0,1.0,2.0,,0.0,[],False,False,,,,,157,21,0,0.0,0.0,0,20.0,5.0,0,0,0,0,0,0,0
2027726214224290239,timeline,RT @BardisMedia: Cardi brought out Kulture tonight at her SOLD OUT show in San Francisco.🥹#LittleMissDramaTour https://t.co/PDzj7jes3h,2026-02-28 12:42:57+00:00,866953267,,Cardi B,37093695,False,0.0,1649.0,0.0,LittleMissDramaTour,1.0,"[{""type"": ""video"", ""url"": ""https://t.co/PDzj7jes3h""}]",False,True,,,,,134,16,0,0.0,0.0,0,12.0,5.0,0,0,0,0,0,0,0
c06pwmm,cancel,"also, he should google ""protect yourself in a divorce"" kuz after this the marriage is def over. he needs to start looking out for himself.    #  If You Have Children, Do NOT Move Out Of The House. Moving out may INSTANTLY ruin any chance of custody that you may have. If you've moved out, move back in right now. Recognize that in some situations, staying will cause heightened tension between you and your spouse, and this increased tension may lead to domestic violence. Be aware of this and work to minimize friction. As an alternative, consider ""time-sharing"" the family home with your spouse until the custody and divorce issues are worked out.  #  If You Have Children, Get A Temporary Restraining Order (TRO). In the TRO, specify that the children are prohibited from being taken out of the State. This will prevent your spouse from taking the children to another State and concealing them, something she can legally do if there is no TRO in place. This is a classic tactic of a vengeful spouse, and can wreak havoc on your life and the children's lives too. Needless to say, fighting for custody across State lines is not something you want to do if you can avoid it.   #   Do NOT Allow Your Spouse To Take The Children And Leave. Your spouse has no more right to take the children from their family home than you do. Make sure that your spouse knows that if he or she wants to leave, they're free to go, but the children stay. Again, as an alternative, consider ""time-sharing"" the family home with your spouse until the custody and divorce issues are settled. If you suspect your spouse may flee with the children or conceal them from you, read this and this.  #  Get An Attorney Immediately. Divorce Court is no place for a father to be without competent counsel. Even with a good attorney, as a man the odds are initially stacked against you. You need an experienced Family Law attorney. For more information on evaluating and hiring an attorney, look here and here. Also check out the SPARC Professional Directory and the Atorneys Page for attorneys that may be near you.  #  Insist On 50% Custody And Parenting Time. If you have children, do not settle for anything less than 50% time with your children. Remember, your spouse does not have any legal right to spend more time with the children than you do. If you settle for less time with the children, you may have set a precedent that will be upheld in court. Insist on the right to spend equal time with the children.  #  Move Your Personal Papers And Records To A Safe Location, AWAY From The Family Home. These papers should include (but not be limited to): your birth certificate, diplomas, pension papers, and all other personal documents. These papers must be stored someplace where your spouse will have no access to them, such as a trusted friend or co-worker's home. For jointly owned records (bank statements, real estate records, titles, deeds, her tax returns and W2 statements, etc.), make two copies of everything, and give one copy your spouse. Store your copy in a safe location.  #  Cancel All Jointly-Owned Credit Cards. Meet with your spouse and inform them that you intend to cancel the cards before you do so. It only takes five or ten minutes to cancel your credit cards, and in that same five or ten minutes, your spouse could charge $5,000 on them. If the card is jointly owned, YOU will have to pay some (or more likely ALL) of that $5000 credit card debt. If your spouse already has the cards and has started to go on a spending-spree, report the cards as stolen. The card will be canceled and you may only be liable for the first $50 of whatever charges were put on the card.  #  If you open up a new account, do it at a different bank; don't stay with the same banking company.  #  Make A Record Of All Marital Property. The best way to do this is with a camcorder. (If possible, do this together with your spouse. If that isn't possible, make a copy of the tape for him or her.) Inventory the entire home and it's contents. Pull items out where they can be seen, and open up drawers so the contents are visible when you tape. Make sure the ""date"" function is turned on so the date is visible when the tape is viewed. Take the videotape and store it away from the home. If objects ""disappear"" from the family home, you'll have a solid record of what is missing.  #  Secure Your More Valuable Personal Property. If you have a stamp or coin collection, firearms, or similar valuable personal items, find a safe place away from the home to store them for a while. Personal mementos and other irreplaceable items should also be stored somewhere safe. This applies only to your personal property, NOT common possessions or community property. If at all possible, meet with your spouse and discuss this with them.  #  Inventory And Safeguard Any Stored Property. If you have safety deposit boxes or storage units, remove whatever personal property is yours. Again, store it away from the home in a secure location. If, for example, your spouse removes items and disposes of them, it may be very hard later to prove who the items belonged to, or if they even existed at all. Video taping all stored property is also a good idea.  #  Reduce Unnecessary Expenses Immediately. Meet with your spouse and agree to cancel unneeded utilities, such as cable TV, extra telephone lines, etc. Chances are, you're going to need money in the very near future. Sell personal property you don't want or need like cameras, VCR's, extra vehicles, etc. Do this now, because as soon as you're legally separated these items may be considered ""Community Property"", in which case you may not be able to sell them even though they're yours.  #  Start Keeping A Daily Journal. Record any significant event, including telephone calls, time spent with the children, arguments with your spouse, information you discover that may have a bearing on your divorce, etc. Keep this journal in a secure location. Be aware that this written record may be used as evidence, (and seen by opposing counsel) so stick to the facts and date all entries. One possible way to keep this journal from being subpoenaed is to start off each entry by addressing it ""To My Attorney, (attorney's name)"" so that it automatically becomes ""privileged communication"" and is therefore not open to subpoena. You may also want to keep a second journal just for yourself, for your personal thoughts and feelings. Look here for tips on keeping documentation.  #  Don't Sign ANYTHING. Many men have made the mistake of signing papers or preliminary agreements which later caused the outcome of property and custody battles to be decided against them. You may be signing something that no attorney can modify later. Don't do it! If your spouse wants you to sign something, politely say you'll be glad to, but your attorney has ""ordered you not to sign anything"" before he or she has a look at it.  #  Prepare Yourself For False Allegations. If you're a man, a common (and effective) tactic is to accuse you of molesting your children. 99.9% of the time this accusation is made by the mother in an attempt to gain (or re-gain) control of custody proceedings. You should contact your attorney at once if this occurs, then follow these guidelines to protect yourself from further allegations.  #  Stop Contributing To Any IRA's, 401(K) Accounts Or Pension Plans. Usually this is done by simply signing a form at your place of work. There's a good chance that (assuming you don't spend it) some or all of the money in your pension plan or retirement account will be given to your spouse as part of the property settlement, so don't put any more in there. Stopping contributions to pension plans and the like will also put a little more money in your paycheck each week, and chances are, you're going to need it.  #",2008-12-08 22:05:09+00:00,3978e880bff6546b,AnnArchist,0,False,16,0.0,0.0,0.0,,0.0,[],False,False,,,,,7836,1383,0,0.0,0.0,0,22.0,0.0,1,0,0,0,0,0,0
c06t3fp,cancel,"yeah, in all directions, cancelling itself out :)",2008-12-13 21:22:00+00:00,d952b1fefe2fba8a,dbzer0,0,False,1,0.0,0.0,0.0,,0.0,[],False,False,,,,,49,8,0,0.0,0.0,0,21.0,5.0,1,0,0,0,0,0,0
c06vd6r,outrage,"You seriously think that is the reason their pay is so outrageous?  No.  Not even a little bit.  You want to know why CEOs get paid such obscene rates?  One law.  In the late 70s, Congress was concerned because there were CEOs making up to 20x the wage of an average worker.  So they passed a law requiring companies to disclose the salaries they pay their executives.  Over the next decade, salaries SKYROCKETED as companies took the rate of pay of their CEOs as a point of pride, as a symbol of how well their company was doing, etc.  This is what happens when dumbass Senators and Representatives sit around and try to be armchair psychologists.",2008-12-17 19:23:57+00:00,9b75440ec01bb966,otakucode,0,False,0,0.0,0.0,0.0,,0.0,[],False,False,,,,,648,116,0,0.0,0.0,0,19.0,2.0,0,0,0,0,0,1,0
2023506553597554990,timeline,RT @bardiinnarari: this part here&gt;&gt;&gt; https://t.co/tmvnlPgioB,2026-02-16 21:15:31+00:00,866953267,,Cardi B,37093662,False,0.0,245.0,0.0,,1.0,"[{""type"": ""video"", ""url"": ""https://t.co/tmvnlPgioB""}]",False,True,,,,,69,6,0,0.0,0.0,0,21.0,0.0,0,0,0,0,0,0,0
7i5ah,petition,A delicious new competition! ,2008-12-08 23:34:26+00:00,57a7de62998f1a6c,instanthaven,0,False,1,0.0,1.0,0.0,,0.0,[],False,False,,,,,29,4,0,0.0,0.0,0,23.0,0.0,0,0,0,0,0,0,1
c06mxvo,petition,"Oooh. I stepped into that trap all too easily. Fucking hell man, go petition a capitalist for some charity and see how a real exploiter treats you.",2008-12-03 18:21:42+00:00,ba05e4a1449ae918,Autoeroticrat,0,False,1,0.0,0.0,0.0,,0.0,[],False,False,,,,,147,27,0,0.0,0.0,0,18.0,2.0,0,0,0,0,0,0,1
2022568200563728847,timeline,I planned this https://t.co/fPx3bSOWcy,2026-02-14 07:06:51+00:00,866953267,,Cardi B,37093662,False,158823.0,12406.0,1376.0,,1.0,"[{""type"": ""animated_gif"", ""url"": ""https://t.co/fPx3bSOWcy""}]",False,False,,,,,38,4,0,0.0,0.0,0,7.0,5.0,0,0,0,0,0,0,0
7tw9,petition,Man Coulter does that shit exactly because she gets reactions. I wouldn't like a liberal that spoke like she does. Fuck her and that dumb petition.   I hope that conservatives know she is crazy.,2009-01-01 04:03:24+00:00,361eb29acb50e340,dougbdl,0,False,4,0.0,0.0,0.0,,0.0,[],False,False,,,,,194,34,0,0.0,0.0,0,4.0,3.0,0,0,0,0,0,0,1
2ey8,boycott,"""'Sponsors must maintain a diligent awareness of the material whose distribution they are underwriting with their advertising dollars,' the document's conclusion warns.""  or what?  the parents are going to cripple these advertisers through boycotts?  form grassroots PACs to influence policy?  run for office themselves, in order to attain the power necessary to make advertisers bend to their will?  woooo.    have these ""parents"" organizations noticed anything about the past 30 or 40 years? the things they've been fighting against -- violence, obscenity, and especially pornography -- have become normalized.  were it not for these parents drawing so much profitable attention to these previously ""taboo"" subjects, they may not have gotten the prime time exposure necessary to become the cash cows they are today.  way to go, moral crusaders.  poor helpless ""parents"", too besieged by market forces to properly raise their children on their own.  thank god a few of them manage to sacrifice so nobly what little child-rearing time left to them at the end of the work week in order to help raise everyone else's children, instead.    kids don't give a shit what their parents think, and neither do the advertisers who covet their children's (mostly) expendable income.   you want to make a real difference, ""parents""?  stop paying your children to wash the dishes and cut the grass.",2008-12-22 14:00:35+00:00,bdc6f88c4039b91d,mercurialohearn,0,False,7,0.0,0.0,0.0,,0.0,[],False,False,,,,,1385,218,0,0.0,0.0,0,14.0,0.0,0,0,0,0,1,0,0
c06s8rq,boycott,"Thanks for the tip, I'll be sure to avoid them!  I've gone so far to contact friends and family about the statement that particvular band member made.  Personally, I think the band deserves a boycott for such a statement, and shame on anyone for supporting this group knowing full well what they said.  Why?  We're dragging quite a number of politicians through the mud right now about their support of torture, so we should hold that same level of integrity when it comes to everyone else.  It's only fair, really...  And to whatever ass-hats downmodded me into negative: go right on ahead.  I don't approve of torture, and shame on you for defending statements defending torture.  Honestly, what the fuck are you thinking?  And why?",2008-12-12 09:18:40+00:00,b6c703eea9a4f619,KosmoTheSynner,0,False,1,0.0,0.0,0.0,,0.0,[],False,False,,,,,734,125,0,0.0,0.0,0,9.0,4.0,0,0,0,0,1,0,0
2030407346539655266,cancel culture,'Scary Movie 6' Is Already Proving It’s Focusing on the Wrong Targets https://t.co/hx7VA5MjNv,2026-03-07 22:16:49+00:00,290758912,,Collider,160821,False,2.0,0.0,0.0,,0.0,[],False,False,,,,,93,13,0,0.0,0.0,0,22.0,5.0,0,0,0,0,0,0,0
7t1q,petition,"&gt;""Capital"" does not exercise dominion...  Capital is a relation between people. It is an economic relation, and economics determines cultural traits such as the prevalence of ""power-hungry absolutist men"".  Glad we cleared that up.  &gt;you have competition and cooperation without hierarchy...  Social changes can ONLY be permanently effected through economic changes - as evidence I submit all of recorded human history.  Let me ask you something: was it government interference or natural competition between suppliers that caused the [Cola Wars](http://www.therationalradical.com/dsep/coca-cola-colombia.htm) in Columbia (I do not stand by the link, have not read it, using it a reference to demonstrate the occurrence of the event I am referencing).  &gt;It'd be nice if you showed me where it has been ""demonstrated"".  Name a mature market that is not dominated by a few large players.  &gt;Governments actually and regularly PROP UP oligarchies, instead of dismantling them.  How does this refute my point?  &gt;And even if free markets tended to oligarchy, that is not reason enough to allow government violence AGAINST ME OR YOU.  Agreed; as I said I want to abolish the government as well. The question (as always) is on what terms? Who will the power devolve to when the government is gone?  I am for the masses, and stand with them unapologetically - you are for a tiny minority of powerful men.",2009-01-01 03:19:44+00:00,cd85de0b710aea71,kingraoul3,0,False,1,0.0,0.0,0.0,,0.0,[],False,False,,,,,1410,221,0,0.0,0.0,0,3.0,3.0,0,0,0,0,0,0,1
2030421627553677718,outrage,"Good read...Zee is talking out of his 🫏 again.  He needs to go.

Zelensky’s Threat to Orban Draws Outrage from European Nationalists… 

https://t.co/IuOVJJhf38 https://t.co/x8qDCm66RA",2026-03-07 23:13:34+00:00,1359712586003062784,,OldielocksNmo50,6014,False,0.0,0.0,0.0,,0.0,[],False,False,,,,,183,24,0,0.0,0.0,0,23.0,5.0,0,0,0,0,0,1,0
2018695453118738768,#cancel,Calls for #impeachment are like calls to #defund and #cancel - who’s over all this sh$t?,2026-02-03 14:37:56+00:00,1569738261018583041,,Gilbert Comley,472,False,0.0,0.0,0.0,impeachment defund cancel,0.0,[],False,False,"{'neg': 0.0, 'neu': 0.577, 'pos': 0.423, 'compound': 0.5277}",,47.0,positive,88,16,0,0.5277,0.423,0,14.0,1.0,1,0,0,0,0,0,0
7idg6,cancelled,New 'Funny' Audi R8 Ad &amp; Production Photos ,2008-12-09 22:43:43+00:00,fd6387212a409ad1,MazdaEric,0,False,1,0.0,0.0,0.0,,0.0,[],False,False,,,,,47,8,0,0.0,0.0,0,22.0,1.0,0,0,0,0,0,0,0
7h0ln,boycott,Israeli Opera to uphold Wagner boycott over link to Nazis  ,2008-12-03 08:51:19+00:00,0e5537da3e96b85c,mayonesa,0,False,3,0.0,0.0,0.0,,0.0,[],False,False,,,,,59,10,0,0.0,0.0,0,8.0,2.0,0,0,0,0,1,0,0
2023996563396145179,timeline,RT @DEVILKNJ94: no words  https://t.co/RUAkiDsgt7,2026-02-18 05:42:39+00:00,866953267,,Cardi B,37093514,False,0.0,1490.0,0.0,,1.0,"[{""type"": ""video"", ""url"": ""https://t.co/RUAkiDsgt7""}]",False,True,,,,,49,5,0,0.0,0.0,0,5.0,2.0,0,0,0,0,0,0,0
13d2,controversy,"The Tom Cruise Holiday film Valkyrie surprises movie blogger Mark and puts him at the edge of his seat.  Despite all the controversy that surrounds this Tom Cruise movie, it succeeds in leading the audience through a riveting thriller, as true-to-life characters plot to end Adolf Hitler's reign of terror. Been hearing a lot of Valkyrie positive reviews!  Save me a front seat, I am watching Valkyrie on Christmas Day.",2008-12-20 03:11:23+00:00,f1db6aff89a529d7,charason,0,False,1,0.0,0.0,0.0,,0.0,[],False,False,,,,,419,70,0,0.0,0.0,0,3.0,5.0,0,0,0,1,0,0,0
6ud9,outrage,How is anyone willing to pay the ridiculous cell phone charges these days? $50 a month just for phone service is outrageous.,2008-12-30 19:37:43+00:00,ccae582c9ce5b1f6,dasstrooper,0,False,1,0.0,0.0,0.0,,0.0,[],False,False,,,,,124,22,0,0.0,0.0,0,19.0,1.0,0,0,0,0,0,1,0
4frq,petition,Sadly no.  He was out of the competition by then.,2008-12-26 06:51:07+00:00,c6c85a0c1eae936a,knylok,0,False,1,0.0,0.0,0.0,,0.0,[],False,False,,,,,49,10,0,0.0,0.0,0,6.0,4.0,0,0,0,0,0,0,1
c06nthz,petition,"You may hate the Bratz dolls, but if you read closely into the actual details of the case it's pretty disturbing.  Basically Mattel just eliminated its competition through what seem to be technicalities and legal wrangling.  Hooray for America?",2008-12-05 01:52:01+00:00,e7f457940365b9ad,Illah,0,False,3,0.0,0.0,0.0,,0.0,[],False,False,,,,,244,39,0,0.0,0.0,0,1.0,4.0,0,0,0,0,0,0,1
27a7,cancel,You're not exactly correct either.  Fruit was already required to meet certain standards by the supermarkets.  Each had their own requirements.  The EU (at the request of food producers and retailers) set a common standard.  Supermarkets then could simply request produce that meets a certain grade of the standard.    It's perfectly legal to sell fruit that is the wrong shape entirely.  That's Life was cancelled for entirely different reasons.  ,2008-12-22 05:27:51+00:00,888e332aae42777e,squigs,0,False,12,0.0,0.0,0.0,,0.0,[],False,False,,,,,448,69,0,0.0,0.0,0,5.0,0.0,1,1,0,0,0,0,0
ia6,outrage,"Funny, I was thinking about this recently (when seeing [this](http://i39.tinypic.com/fntc1.jpg) pic of a nude Bart Simpson). Would there be an outrage if the Scorpions' cover was world-famous and the Simpsons creators would use Lisa in a similar picture?",2008-12-19 05:28:45+00:00,653763cf42166d46,creaothceann,0,False,3,0.0,0.0,0.0,,0.0,[],False,False,,,,,254,38,0,0.0,0.0,0,5.0,4.0,0,0,0,0,0,1,0
1n5r,cancel,I have comcast digital cable.  We have every single channel one can subscribe to.  It costs $120 a month.  I want to cancel it completely and only watch dvd's from our town library collection (the biggest dvd collection I have ever seen),2008-12-21 03:21:47+00:00,ec612e9852806dea,begbudii,0,False,1,0.0,0.0,0.0,,0.0,[],False,False,,,,,237,42,0,0.0,0.0,0,3.0,6.0,1,0,0,0,0,0,0
3coq,petition,There's already a voter initiative to get the things eliminated.  It's in the petition phase.,2008-12-24 01:50:28+00:00,d48145299de7952d,IConrad,0,False,2,0.0,0.0,0.0,,0.0,[],False,False,,,,,93,15,0,0.0,0.0,0,1.0,2.0,0,0,0,0,0,0,1
2017738415907692589,timeline,RT @BardiGangUpdate: Cardi B &amp; Marcello Hernández at NBC studios 😭 https://t.co/MrX79Z8sMO,2026-01-31 23:15:00+00:00,866953267,,Cardi B,37093662,False,0.0,1511.0,0.0,,1.0,"[{""type"": ""video"", ""url"": ""https://t.co/MrX79Z8sMO""}]",False,True,,,,,94,12,0,0.0,0.0,0,23.0,5.0,0,0,0,0,0,0,0
5jvo,outrage,Where the fuck was the outrage when this happened almost a month ago?,2008-12-28 14:46:30+00:00,0539b5402c757a5e,Schlichten,0,False,4,0.0,0.0,0.0,,0.0,[],False,False,,,,,69,13,0,0.0,0.0,0,14.0,6.0,0,0,0,0,0,1,0
42h8,controversy,"Ah *early results* of a multi-country study.  That effectively translates as ""the subset that is newsworthy - ie gives nice big attention-grabbing DANGER! CANCER! headlines""  The media has a nasty habit of cherry-picking any unpublished preliminary result that comes along that supports the prevailing controversy, and then completely ignoring the less dramatic conclusions of a final study.  I'll wait till the *complete* report is ready, published and peer reviewed.",2008-12-25 08:07:55+00:00,5714e04739071aab,Brian,0,False,3,0.0,0.0,0.0,,0.0,[],False,False,,,,,468,69,0,0.0,0.0,0,8.0,3.0,0,0,0,1,0,0,0
3e1f,outrage,"Can you read??? How does my statment mean I am outraged and not supporting the obvious problem???? I'm calling him out on ONE instance where someone got angry representing the opionions of ALL Christians. The title of the posting is CHRISTIANS stop...that lumps all of them into one group. Even you make the same assumption. As I said initally, ONE statement does not represent the opinions of an entire group.  And a thank you for telling me what my statment meant when you are waaaaay off base. I love it when people tell me what my statments mean. ",2008-12-24 02:52:15+00:00,741da84788386068,jaazzman,0,False,0,0.0,0.0,0.0,,0.0,[],False,False,,,,,551,98,0,0.0,0.0,0,2.0,2.0,0,0,0,0,0,1,0
5d8s,petition,"^^ People, observe. This is what malcontent does when he can not argue a point. Unfortunately, he seems to lack the logical skills to do so.   He will of course keep repeating, because he is unable to argue the original point. In an effort to distract from it, he simply begins to chant, clamping his hands over his ears like a child.  I expect you'll see another immature repetition below this comment, rather than any effort to argue the point raised. ",2008-12-28 05:24:53+00:00,832b168bdfbe2f72,HerbertMcSherbert,0,False,1,0.0,0.0,0.0,,0.0,[],False,False,,,,,454,81,0,0.0,0.0,0,5.0,6.0,0,0,0,0,0,0,1
2017845744942592030,timeline,RT @BardisMedia: Cardi B performing “Bodega Baddie” on Saturday Night Live tonight.🖤(SNL) https://t.co/2g9o3bzAss,2026-02-01 06:21:30+00:00,866953267,,Cardi B,37093310,False,0.0,5780.0,0.0,,1.0,"[{""type"": ""video"", ""url"": ""https://t.co/2g9o3bzAss""}]",False,False,"{'neg': 0.078, 'neu': 0.853, 'pos': 0.069, 'compound': -0.1027}",,254.0,negative,113,13,0,-0.1027,0.078,0,6.0,6.0,0,0,0,0,0,0,0
2027726214224290239,timeline,RT @BardisMedia: Cardi brought out Kulture tonight at her SOLD OUT show in San Francisco.🥹#LittleMissDramaTour https://t.co/PDzj7jes3h,2026-02-28 12:42:57+00:00,866953267,,Cardi B,37093628,False,0.0,1649.0,0.0,LittleMissDramaTour,1.0,"[{""type"": ""video"", ""url"": ""https://t.co/PDzj7jes3h""}]",False,True,,,,,134,16,0,0.0,0.0,0,12.0,5.0,0,0,0,0,0,0,0
2030426203589624166,boycott,"do corporate heads know what the point of media is ? that it's supposed to tell stories, inspire, motivate, sometimes warn, and represent? what is a movie without any heart? we're regressing so bad I don't know how to react. boycott Disney",2026-03-07 23:31:45+00:00,1673441769856581632,,shakesqueer💅,1048,False,0.0,0.0,0.0,,0.0,[],False,False,,,,,239,42,0,0.0,0.0,0,23.0,5.0,0,0,0,0,1,0,0
3nfm,petition,"I live in Japan and think this is bullshit. We don't get free internet. It is much faster though (gigabit fiber for about $60 a month).   As far as subsidized internet goes, the US paid AT&amp;T $200 billion to bring fiber to the curb by 2006. All AT&amp;T did with the money was buy up the competition and continue to offer shitty service.",2008-12-24 12:01:35+00:00,ac635683319ad28e,billbacon,0,False,2,0.0,0.0,0.0,,0.0,[],False,False,,,,,340,63,0,0.0,0.0,0,12.0,2.0,0,0,0,0,0,0,1
c06sioz,petition,"Totally false.  First of all, whatever arbitrary wage Shibumi from Reddit believes will serve Labor's needs well enough to live a level which Shibumi subjectively defines as ""decent"" is completely irrelevant.  Secondly, labor is in competetion with eachother.  At all times.  I know the vast majority of Redditors live in a Marxian fantasy world in which evil corporations exploit the noble laborer, but this is fundamentally false.  If it were true, then wouldn't every single laborer in existence be paid minimum wage while the owners of the means of production keep all profits to themselves?  Of course they would.  But they don't.   Why is this, you ask?  Well, it's because labor is in competition with eachother.  Labor is scarce and a finite resource, just like anything else.  Companies compete with eachother for labor; this competetion sets the price of labor, aka wages.  Unions are fundamentally anti-labor because union workers use government force to ensure that they make more than the rate which the market sets.  This means that there are less wages available to hire other people, which means unemployment increases, which means the families of all the unemployed people can't live decently.  But fuck those guys, right?  Unions are good!  Further, in addition to not being diverted towards extra employment, the money that is being used to pay union workers arbitrarily high wages also cannot be used to produce more product at a lower cost, which means people everywhere have to pay higher prices for an inferior product, which means everyone's family lives less decently than they should.  You fail.",2008-12-12 22:02:33+00:00,7b40100f92773a03,WRT,0,False,2,0.0,0.0,0.0,,0.0,[],False,False,,,,,1621,261,0,0.0,0.0,0,22.0,4.0,0,0,0,0,0,0,1
2030426229921272086,outrage,"@Eamon_USA @redsteeze @Juliana_Ahavah There will be no apologies when it turns out it was entirely fabricated.

It will get no coverage. Not a peep.

All of those blame America first and fast will just move on to some other fabricated outrage.",2026-03-07 23:31:51+00:00,1559338741709381633,,FirstRuleOfTheMeansTest,308,False,0.0,0.0,0.0,,0.0,[],True,False,,,,,243,41,0,0.0,0.0,0,23.0,5.0,0,0,0,0,0,1,0
7kgeu,controversy,Obama's Reponse to the Rick Warren Controversy - Annotated ,2008-12-19 07:22:47+00:00,895515824abb0697,perzosodor,0,False,1,0.0,0.0,0.0,,0.0,[],False,False,,,,,59,9,0,0.0,0.0,0,7.0,4.0,0,0,0,1,0,0,0
1gxn,cancel,"""The Canadian Auto Workers is saying no to any concessions on compensation""  ""Mr. Harper is expected to say that the aid, all of which is earmarked for General Motors of Canada Ltd. and Chrysler Canada Inc., will be handed out on the expectation that unions will do their part to help the auto makers survive""  So cancel the bailout until they do.  They've already promised to breach its conditions.  ""We could work for nothing and we wouldn't sell another vehicle.""  Oh go fuck yourselves.  Imagine what a car would cost if there were no labor costs.  What are they going to do in a year when all that money's gone and they're still tanking because this hasn't solved the problem?  That's right, they'll all be outside the factories, crying because they lost their jobs, blaming everybody but themselves because there's nobody left to blackmail.  What you put out comes back to you.  I hope they enjoy it because I'll enjoy watching it. ",2008-12-20 20:43:45+00:00,8a03b855febf2a3a,turkourjurbs,0,False,9,0.0,0.0,0.0,,0.0,[],False,False,,,,,938,162,0,0.0,0.0,0,20.0,5.0,1,0,0,0,0,0,0
6s21,petition,Don't worry. I just created an online petition.,2008-12-30 15:44:16+00:00,3cc79762240216cc,already_reddit,0,False,18,0.0,0.0,0.0,,0.0,[],False,False,,,,,47,8,0,0.0,0.0,0,15.0,1.0,0,0,0,0,0,0,1
c06m2jy,boycott,"I agree with the points made, but a boycott just won't happen.  There is no way enough people will just *not* watch some of the most exciting matchups of the season, no matter what the motivation.",2008-12-02 06:17:04+00:00,6d102e4f54d566bd,flox232,0,False,1,0.0,0.0,0.0,,0.0,[],False,False,,,,,196,36,0,0.0,0.0,0,6.0,1.0,0,0,0,0,1,0,0
7jnzi,cancel,My Credit Card Was Canceled Without My Authorization ,2008-12-16 01:51:32+00:00,f31ec41188c97b5c,Matt1958,0,False,1,0.0,0.0,0.0,,0.0,[],False,False,,,,,53,8,0,0.0,0.0,0,1.0,1.0,1,0,0,0,0,0,0
c06rn54,cancel,I agree that also is a big factor but being funny isn't enough. You also have to avoid disagreeing with the populace here or those posts will cancel out the funny ones.,2008-12-11 11:42:37+00:00,44ceb62d7fcbfc99,rds260,0,False,1,0.0,0.0,0.0,,0.0,[],False,False,,,,,168,32,0,0.0,0.0,0,11.0,3.0,1,0,0,0,0,0,0
,,,,,,,,,,,,,,,,,"{'neg': 0.08, 'neu': 0.786, 'pos': 0.134, 'compound': 0.5096}",,316.0,positive,0,0,0,0.5096,0.134,0,,,0,0,0,0,0,0,0
,,,,,,,,,,,,,,,,,"{'neg': 0.13, 'neu': 0.82, 'pos': 0.051, 'compound': -0.8221}",,465.0,negative,0,0,0,-0.8221,0.13,0,,,0,0,0,0,0,0,0
,,,,,,,,,,,,,,,,,"{'neg': 0.0, 'neu': 0.729, 'pos': 0.271, 'compound': 0.6378}",,86.0,positive,0,0,0,0.6378,0.271,0,,,0,0,0,0,0,0,0
,,,,,,,,,,,,,,,,,"{'neg': 0.179, 'neu': 0.821, 'pos': 0.0, 'compound': -0.9589}",,698.0,negative,0,0,0,-0.9589,0.179,0,,,0,0,0,0,0,0,0
,,,,,,,,,,,,,,,,,"{'neg': 0.196, 'neu': 0.559, 'pos': 0.245, 'compound': 0.1779}",,58.0,positive,0,0,0,0.1779,0.245,0,,,0,0,0,0,0,0,0
,,,,,,,,,,,,,,,,,"{'neg': 0.286, 'neu': 0.714, 'pos': 0.0, 'compound': -0.25}",,61.0,negative,0,0,0,-0.25,0.286,0,,,0,0,0,0,0,0,0
,,,,,,,,,,,,,,,,,"{'neg': 0.048, 'neu': 0.832, 'pos': 0.121, 'compound': 0.5053}",,155.0,positive,0,0,0,0.5053,0.121,0,,,0,0,0,0,0,0,0
,,,,,,,,,,,,,,,,,"{'neg': 0.094, 'neu': 0.804, 'pos': 0.102, 'compound': 0.1027}",,250.0,positive,0,0,0,0.1027,0.102,0,,,0,0,0,0,0,0,0
,,,,,,,,,,,,,,,,,"{'neg': 0.335, 'neu': 0.644, 'pos': 0.021, 'compound': -0.9514}",,294.0,negative,0,0,0,-0.9514,0.335,0,,,0,0,0,0,0,0,0
,,,,,,,,,,,,,,,,,"{'neg': 0.239, 'neu': 0.761, 'pos': 0.0, 'compound': -0.8834}",,230.0,negative,0,0,0,-0.8834,0.239,0,,,0,0,0,0,0,0,0
,,,,,,,,,,,,,,,,,"{'neg': 0.0, 'neu': 1.0, 'pos': 0.0, 'compound': 0.0}",,121.0,neutral,0,0,0,0.0,0.0,0,,,0,0,0,0,0,0,0
,,,,,,,,,,,,,,,,,"{'neg': 0.0, 'neu': 0.707, 'pos': 0.293, 'compound': 0.6588}",,121.0,positive,0,0,0,0.6588,0.293,0,,,0,0,0,0,0,0,0
,,,,,,,,,,,,,,,,,"{'neg': 0.0, 'neu': 0.833, 'pos': 0.167, 'compound': 0.7351}",,198.0,positive,0,0,0,0.7351,0.167,0,,,0,0,0,0,0,0,0
,,,,,,,,,,,,,,,,,"{'neg': 0.058, 'neu': 0.785, 'pos': 0.157, 'compound': 0.8309}",,383.0,positive,0,0,0,0.8309,0.157,0,,,0,0,0,0,0,0,0
,,,,,,,,,,,,,,,,,"{'neg': 0.05, 'neu': 0.776, 'pos': 0.174, 'compound': 0.9663}",,1000.0,positive,0,0,0,0.9663,0.174,0,,,0,0,0,0,0,0,0
,,,,,,,,,,,,,,,,,"{'neg': 0.125, 'neu': 0.875, 'pos': 0.0, 'compound': -0.9501}",,652.0,negative,0,0,0,-0.9501,0.125,0,,,0,0,0,0,0,0,0
,,,,,,,,,,,,,,,,,"{'neg': 0.107, 'neu': 0.834, 'pos': 0.059, 'compound': -0.8599}",,671.0,negative,0,0,0,-0.8599,0.107,0,,,0,0,0,0,0,0,0
,,,,,,,,,,,,,,,,,"{'neg': 0.284, 'neu': 0.716, 'pos': 0.0, 'compound': -0.9769}",,464.0,negative,0,0,0,-0.9769,0.284,0,,,0,0,0,0,0,0,0
,,,,,,,,,,,,,,,,,"{'neg': 0.086, 'neu': 0.749, 'pos': 0.165, 'compound': 0.7717}",,602.0,positive,0,0,0,0.7717,0.165,0,,,0,0,0,0,0,0,0
,,,,,,,,,,,,,,,,,"{'neg': 0.162, 'neu': 0.769, 'pos': 0.069, 'compound': -0.7783}",,276.0,negative,0,0,0,-0.7783,0.162,0,,,0,0,0,0,0,0,0
,,,,,,,,,,,,,,,,,"{'neg': 0.117, 'neu': 0.76, 'pos': 0.123, 'compound': 0.0258}",,127.0,neutral,0,0,0,0.0258,0.123,0,,,0,0,0,0,0,0,0
,,,,,,,,,,,,,,,,,"{'neg': 0.173, 'neu': 0.827, 'pos': 0.0, 'compound': -0.3182}",,68.0,negative,0,0,0,-0.3182,0.173,0,,,0,0,0,0,0,0,0
,,,,,,,,,,,,,,,,,"{'neg': 0.25, 'neu': 0.673, 'pos': 0.076, 'compound': -0.994}",,1128.0,negative,0,0,0,-0.994,0.25,0,,,0,0,0,0,0,0,0
,,,,,,,,,,,,,,,,,"{'neg': 0.103, 'neu': 0.802, 'pos': 0.095, 'compound': -0.1583}",,389.0,negative,0,0,0,-0.1583,0.103,0,,,0,0,0,0,0,0,0
,,,,,,,,,,,,,,,,,"{'neg': 0.0, 'neu': 1.0, 'pos': 0.0, 'compound': 0.0}",,134.0,neutral,0,0,0,0.0,0.0,0,,,0,0,0,0,0,0,0
,,,,,,,,,,,,,,,,,"{'neg': 0.078, 'neu': 0.611, 'pos': 0.31, 'compound': 0.8588}",,171.0,positive,0,0,0,0.8588,0.31,0,,,0,0,0,0,0,0,0
,,,,,,,,,,,,,,,,,"{'neg': 0.079, 'neu': 0.819, 'pos': 0.102, 'compound': 0.5934}",,556.0,positive,0,0,0,0.5934,0.102,0,,,0,0,0,0,0,0,0
,,,,,,,,,,,,,,,,,"{'neg': 0.099, 'neu': 0.813, 'pos': 0.087, 'compound': -0.1027}",,150.0,negative,0,0,0,-0.1027,0.099,0,,,0,0,0,0,0,0,0
,,,,,,,,,,,,,,,,,"{'neg': 0.169, 'neu': 0.831, 'pos': 0.0, 'compound': -0.0572}",,49.0,negative,0,0,0,-0.0572,0.169,0,,,0,0,0,0,0,0,0
,,,,,,,,,,,,,,,,,"{'neg': 0.354, 'neu': 0.646, 'pos': 0.0, 'compound': -0.9153}",,172.0,negative,0,0,0,-0.9153,0.354,0,,,0,0,0,0,0,0,0
,,,,,,,,,,,,,,,,,"{'neg': 0.072, 'neu': 0.837, 'pos': 0.091, 'compound': 0.7154}",,1335.0,positive,0,0,0,0.7154,0.091,0,,,0,0,0,0,0,0,0
,,,,,,,,,,,,,,,,,"{'neg': 0.286, 'neu': 0.714, 'pos': 0.0, 'compound': -0.25}",,43.0,negative,0,0,0,-0.25,0.286,0,,,0,0,0,0,0,0,0
,,,,,,,,,,,,,,,,,"{'neg': 0.437, 'neu': 0.563, 'pos': 0.0, 'compound': -0.4767}",,33.0,negative,0,0,0,-0.4767,0.437,0,,,0,0,0,0,0,0,0
,,,,,,,,,,,,,,,,,"{'neg': 0.198, 'neu': 0.75, 'pos': 0.052, 'compound': -0.7902}",,250.0,negative,0,0,0,-0.7902,0.198,0,,,0,0,0,0,0,0,0
,,,,,,,,,,,,,,,,,"{'neg': 0.09, 'neu': 0.76, 'pos': 0.15, 'compound': 0.3935}",,244.0,positive,0,0,0,0.3935,0.15,0,,,0,0,0,0,0,0,0
,,,,,,,,,,,,,,,,,"{'neg': 0.057, 'neu': 0.749, 'pos': 0.193, 'compound': 0.9439}",,627.0,positive,0,0,0,0.9439,0.193,0,,,0,0,0,0,0,0,0
,,,,,,,,,,,,,,,,,"{'neg': 0.17, 'neu': 0.774, 'pos': 0.055, 'compound': -0.9032}",,459.0,negative,0,0,0,-0.9032,0.17,0,,,0,0,0,0,0,0,0
,,,,,,,,,,,,,,,,,"{'neg': 0.333, 'neu': 0.499, 'pos': 0.168, 'compound': -0.872}",,173.0,negative,0,0,0,-0.872,0.333,0,,,0,0,0,0,0,0,0
,,,,,,,,,,,,,,,,,"{'neg': 0.0, 'neu': 1.0, 'pos': 0.0, 'compound': 0.0}",,81.0,neutral,0,0,0,0.0,0.0,0,,,0,0,0,0,0,0,0
,,,,,,,,,,,,,,,,,"{'neg': 0.101, 'neu': 0.785, 'pos': 0.114, 'compound': 0.4677}",,728.0,positive,0,0,0,0.4677,0.114,0,,,0,0,0,0,0,0,0
,,,,,,,,,,,,,,,,,"{'neg': 0.149, 'neu': 0.851, 'pos': 0.0, 'compound': -0.4559}",,118.0,negative,0,0,0,-0.4559,0.149,0,,,0,0,0,0,0,0,0
,,,,,,,,,,,,,,,,,"{'neg': 0.034, 'neu': 0.853, 'pos': 0.113, 'compound': 0.8558}",,637.0,positive,0,0,0,0.8558,0.113,0,,,0,0,0,0,0,0,0
,,,,,,,,,,,,,,,,,"{'neg': 0.212, 'neu': 0.788, 'pos': 0.0, 'compound': -0.8767}",,255.0,negative,0,0,0,-0.8767,0.212,0,,,0,0,0,0,0,0,0
,,,,,,,,,,,,,,,,,"{'neg': 0.073, 'neu': 0.725, 'pos': 0.202, 'compound': 0.9708}",,1000.0,positive,0,0,0,0.9708,0.202,0,,,0,0,0,0,0,0,0
,,,,,,,,,,,,,,,,,"{'neg': 0.061, 'neu': 0.801, 'pos': 0.137, 'compound': 0.9828}",,2143.0,positive,0,0,0,0.9828,0.137,0,,,0,0,0,0,0,0,0
,,,,,,,,,,,,,,,,,"{'neg': 0.094, 'neu': 0.906, 'pos': 0.0, 'compound': -0.4118}",,232.0,negative,0,0,0,-0.4118,0.094,0,,,0,0,0,0,0,0,0
,,,,,,,,,,,,,,,,,"{'neg': 0.087, 'neu': 0.736, 'pos': 0.177, 'compound': 0.2714}",,107.0,positive,0,0,0,0.2714,0.177,0,,,0,0,0,0,0,0,0
,,,,,,,,,,,,,,,,,"{'neg': 0.093, 'neu': 0.767, 'pos': 0.14, 'compound': 0.3939}",,308.0,positive,0,0,0,0.3939,0.14,0,,,0,0,0,0,0,0,0
,,,,,,,,,,,,,,,,,"{'neg': 0.0, 'neu': 1.0, 'pos': 0.0, 'compound': 0.0}",,38.0,neutral,0,0,0,0.0,0.0,0,,,0,0,0,0,0,0,0
,,,,,,,,,,,,,,,,,"{'neg': 0.203, 'neu': 0.684, 'pos': 0.112, 'compound': -0.2168}",,99.0,negative,0,0,0,-0.2168,0.203,0,,,0,0,0,0,0,0,0
,,,,,,,,,,,,,,,,,"{'neg': 0.231, 'neu': 0.769, 'pos': 0.0, 'compound': -0.8271}",,298.0,negative,0,0,0,-0.8271,0.231,0,,,0,0,0,0,0,0,0
,,,,,,,,,,,,,,,,,"{'neg': 0.044, 'neu': 0.715, 'pos': 0.242, 'compound': 0.8798}",,285.0,positive,0,0,0,0.8798,0.242,0,,,0,0,0,0,0,0,0
,,,,,,,,,,,,,,,,,"{'neg': 0.07, 'neu': 0.836, 'pos': 0.094, 'compound': 0.7422}",,740.0,positive,0,0,0,0.7422,0.094,0,,,0,0,0,0,0,0,0
,,,,,,,,,,,,,,,,,"{'neg': 0.0, 'neu': 1.0, 'pos': 0.0, 'compound': 0.0}",,298.0,neutral,0,0,0,0.0,0.0,0,,,0,0,0,0,0,0,0
,,,,,,,,,,,,,,,,,"{'neg': 0.103, 'neu': 0.785, 'pos': 0.112, 'compound': 0.0516}",,157.0,positive,0,0,0,0.0516,0.112,0,,,0,0,0,0,0,0,0
,,,,,,,,,,,,,,,,,"{'neg': 0.0, 'neu': 1.0, 'pos': 0.0, 'compound': 0.0}",,134.0,neutral,0,0,0,0.0,0.0,0,,,0,0,0,0,0,0,0
,,,,,,,,,,,,,,,,,"{'neg': 0.06, 'neu': 0.85, 'pos': 0.09, 'compound': 0.9955}",,7836.0,positive,0,0,0,0.9955,0.09,0,,,0,0,0,0,0,0,0
,,,,,,,,,,,,,,,,,"{'neg': 0.15, 'neu': 0.417, 'pos': 0.433, 'compound': 0.5267}",,49.0,positive,0,0,0,0.5267,0.433,0,,,0,0,0,0,0,0,0
,,,,,,,,,,,,,,,,,"{'neg': 0.132, 'neu': 0.825, 'pos': 0.043, 'compound': -0.8864}",,648.0,negative,0,0,0,-0.8864,0.132,0,,,0,0,0,0,0,0,0
,,,,,,,,,,,,,,,,,"{'neg': 0.0, 'neu': 1.0, 'pos': 0.0, 'compound': 0.0}",,69.0,neutral,0,0,0,0.0,0.0,0,,,0,0,0,0,0,0,0
,,,,,,,,,,,,,,,,,"{'neg': 0.0, 'neu': 0.429, 'pos': 0.571, 'compound': 0.6114}",,29.0,positive,0,0,0,0.6114,0.571,0,,,0,0,0,0,0,0,0
,,,,,,,,,,,,,,,,,"{'neg': 0.203, 'neu': 0.65, 'pos': 0.147, 'compound': -0.4576}",,147.0,negative,0,0,0,-0.4576,0.203,0,,,0,0,0,0,0,0,0
,,,,,,,,,,,,,,,,,"{'neg': 0.0, 'neu': 1.0, 'pos': 0.0, 'compound': 0.0}",,38.0,neutral,0,0,0,0.0,0.0,0,,,0,0,0,0,0,0,0
,,,,,,,,,,,,,,,,,"{'neg': 0.315, 'neu': 0.571, 'pos': 0.114, 'compound': -0.8594}",,194.0,negative,0,0,0,-0.8594,0.315,0,,,0,0,0,0,0,0,0
,,,,,,,,,,,,,,,,,"{'neg': 0.09, 'neu': 0.848, 'pos': 0.061, 'compound': -0.794}",,1385.0,negative,0,0,0,-0.794,0.09,0,,,0,0,0,0,0,0,0
,,,,,,,,,,,,,,,,,"{'neg': 0.159, 'neu': 0.658, 'pos': 0.183, 'compound': -0.2282}",,734.0,negative,0,0,0,-0.2282,0.183,0,,,0,0,0,0,0,0,0
,,,,,,,,,,,,,,,,,"{'neg': 0.364, 'neu': 0.636, 'pos': 0.0, 'compound': -0.743}",,93.0,negative,0,0,0,-0.743,0.364,0,,,0,0,0,0,0,0,0
,,,,,,,,,,,,,,,,,"{'neg': 0.017, 'neu': 0.872, 'pos': 0.111, 'compound': 0.9548}",,1410.0,positive,0,0,0,0.9548,0.111,0,,,0,0,0,0,0,0,0
,,,,,,,,,,,,,,,,,"{'neg': 0.219, 'neu': 0.686, 'pos': 0.095, 'compound': -0.5859}",,183.0,negative,0,0,0,-0.5859,0.219,0,,,0,0,0,0,0,0,0
,,,,,,,,,,,,,,,,,"{'neg': 0.108, 'neu': 0.757, 'pos': 0.135, 'compound': 0.128}",,88.0,positive,0,0,0,0.128,0.135,0,,,0,0,0,0,0,0,0
,,,,,,,,,,,,,,,,,"{'neg': 0.0, 'neu': 0.707, 'pos': 0.293, 'compound': 0.4404}",,47.0,positive,0,0,0,0.4404,0.293,0,,,0,0,0,0,0,0,0
,,,,,,,,,,,,,,,,,"{'neg': 0.204, 'neu': 0.796, 'pos': 0.0, 'compound': -0.3182}",,59.0,negative,0,0,0,-0.3182,0.204,0,,,0,0,0,0,0,0,0
,,,,,,,,,,,,,,,,,"{'neg': 0.355, 'neu': 0.645, 'pos': 0.0, 'compound': -0.296}",,49.0,negative,0,0,0,-0.296,0.355,0,,,0,0,0,0,0,0,0
,,,,,,,,,,,,,,,,,"{'neg': 0.041, 'neu': 0.762, 'pos': 0.197, 'compound': 0.8977}",,419.0,positive,0,0,0,0.8977,0.197,0,,,0,0,0,0,0,0,0
,,,,,,,,,,,,,,,,,"{'neg': 0.333, 'neu': 0.667, 'pos': 0.0, 'compound': -0.7906}",,124.0,negative,0,0,0,-0.7906,0.333,0,,,0,0,0,0,0,0,0
,,,,,,,,,,,,,,,,,"{'neg': 0.237, 'neu': 0.763, 'pos': 0.0, 'compound': -0.4215}",,49.0,negative,0,0,0,-0.4215,0.237,0,,,0,0,0,0,0,0,0
,,,,,,,,,,,,,,,,,"{'neg': 0.133, 'neu': 0.663, 'pos': 0.205, 'compound': 0.5719}",,244.0,positive,0,0,0,0.5719,0.205,0,,,0,0,0,0,0,0,0
,,,,,,,,,,,,,,,,,"{'neg': 0.065, 'neu': 0.808, 'pos': 0.127, 'compound': 0.5859}",,448.0,positive,0,0,0,0.5859,0.127,0,,,0,0,0,0,0,0,0
,,,,,,,,,,,,,,,,,"{'neg': 0.046, 'neu': 0.924, 'pos': 0.03, 'compound': -0.1779}",,237.0,negative,0,0,0,-0.1779,0.046,0,,,0,0,0,0,0,0,0
,,,,,,,,,,,,,,,,,"{'neg': 0.0, 'neu': 1.0, 'pos': 0.0, 'compound': 0.0}",,93.0,neutral,0,0,0,0.0,0.0,0,,,0,0,0,0,0,0,0
,,,,,,,,,,,,,,,,,"{'neg': 0.193, 'neu': 0.807, 'pos': 0.0, 'compound': -0.4767}",,94.0,negative,0,0,0,-0.4767,0.193,0,,,0,0,0,0,0,0,0
,,,,,,,,,,,,,,,,,"{'neg': 0.382, 'neu': 0.618, 'pos': 0.0, 'compound': -0.7783}",,69.0,negative,0,0,0,-0.7783,0.382,0,,,0,0,0,0,0,0,0
,,,,,,,,,,,,,,,,,"{'neg': 0.187, 'neu': 0.692, 'pos': 0.121, 'compound': -0.8291}",,468.0,negative,0,0,0,-0.8291,0.187,0,,,0,0,0,0,0,0,0
,,,,,,,,,,,,,,,,,"{'neg': 0.115, 'neu': 0.825, 'pos': 0.06, 'compound': -0.7324}",,551.0,negative,0,0,0,-0.7324,0.115,0,,,0,0,0,0,0,0,0
,,,,,,,,,,,,,,,,,"{'neg': 0.128, 'neu': 0.798, 'pos': 0.075, 'compound': -0.5946}",,454.0,negative,0,0,0,-0.5946,0.128,0,,,0,0,0,0,0,0,0
,,,,,,,,,,,,,,,,,"{'neg': 0.0, 'neu': 1.0, 'pos': 0.0, 'compound': 0.0}",,113.0,neutral,0,0,0,0.0,0.0,0,,,0,0,0,0,0,0,0
,,,,,,,,,,,,,,,,,"{'neg': 0.0, 'neu': 1.0, 'pos': 0.0, 'compound': 0.0}",,134.0,neutral,0,0,0,0.0,0.0,0,,,0,0,0,0,0,0,0
,,,,,,,,,,,,,,,,,"{'neg': 0.222, 'neu': 0.662, 'pos': 0.116, 'compound': -0.7003}",,239.0,negative,0,0,0,-0.7003,0.222,0,,,0,0,0,0,0,0,0
,,,,,,,,,,,,,,,,,"{'neg': 0.144, 'neu': 0.856, 'pos': 0.0, 'compound': -0.8779}",,340.0,negative,0,0,0,-0.8779,0.144,0,,,0,0,0,0,0,0,0
,,,,,,,,,,,,,,,,,"{'neg': 0.088, 'neu': 0.829, 'pos': 0.082, 'compound': 0.2458}",,1621.0,positive,0,0,0,0.2458,0.088,0,,,0,0,0,0,0,0,0
,,,,,,,,,,,,,,,,,"{'neg': 0.214, 'neu': 0.786, 'pos': 0.0, 'compound': -0.8442}",,243.0,negative,0,0,0,-0.8442,0.214,0,,,0,0,0,0,0,0,0
,,,,,,,,,,,,,,,,,"{'neg': 0.0, 'neu': 1.0, 'pos': 0.0, 'compound': 0.0}",,59.0,neutral,0,0,0,0.0,0.0,0,,,0,0,0,0,0,0,0
,,,,,,,,,,,,,,,,,"{'neg': 0.088, 'neu': 0.815, 'pos': 0.098, 'compound': 0.7834}",,938.0,positive,0,0,0,0.7834,0.098,0,,,0,0,0,0,0,0,0
,,,,,,,,,,,,,,,,,"{'neg': 0.148, 'neu': 0.646, 'pos': 0.206, 'compound': 0.5759}",,196.0,positive,0,0,0,0.5759,0.206,0,,,0,0,0,0,0,0,0
,,,,,,,,,,,,,,,,,"{'neg': 0.0, 'neu': 0.729, 'pos': 0.271, 'compound': 0.3818}",,53.0,positive,0,0,0,0.3818,0.271,0,,,0,0,0,0,0,0,0
,,,,,,,,,,,,,,,,,"{'neg': 0.192, 'neu': 0.593, 'pos': 0.216, 'compound': 0.2617}",,168.0,positive,0,0,0,0.2617,0.216,0,,,0,0,0,0,0,0,0
